,Company,Availble Jobs,Average Salary,Rating,Total Reviews
0,TCS,3k,9.6L,3.4,(1.1L)
1,Accenture,32.5k,6.4L,3.7,(70.5k)
2,Wipro,5.6k,4.7L,3.6,(62.6k)
3,Cognizant,836,5.9L,3.6,(59.5k)
4,Capgemini,2.1k,4.7L,3.7,(51.1k)
5,HDFC Bank,198,1.5L,3.8,(50k)
6,Infosys,2.9k,5.1L,3.5,(46.8k)
7,ICICI Bank,32,1.5L,4.0,(44.9k)
8,HCLTech,282,3.7L,3.4,(44k)
9,Tech Mahindra,432,2.8L,3.4,(42k)
10,Genpact,371,2.3L,3.6,(40.4k)
11,Teleperformance,850,95.1k,3.8,(36.2k)
12,Axis Bank,219,1L,3.6,(32k)
13,Jio,3,62.2k,4.3,(31.5k)
14,Concentrix Corporation,73,1.3L,3.6,(31.3k)
15,Amazon,1.4k,1.4L,3.9,(30.4k)
16,iEnergizer,72,23.9k,4.6,(27.3k)
17,Reliance Retail,33,74.3k,3.9,(26.8k)
18,IBM,2.6k,2.1L,3.9,(25.2k)
19,LTIMindtree,474,1.9L,3.6,(25.2k)
20,TCS,3k,9.6L,3.4,(1.1L)
21,Accenture,32.5k,6.4L,3.7,(70.5k)
22,Wipro,5.6k,4.7L,3.6,(62.6k)
23,Cognizant,836,5.9L,3.6,(59.5k)
24,Capgemini,2.1k,4.7L,3.7,(51.1k)
25,HDFC Bank,198,1.5L,3.8,(50k)
26,Infosys,2.9k,5.1L,3.5,(46.8k)
27,ICICI Bank,32,1.5L,4.0,(44.9k)
28,HCLTech,282,3.7L,3.4,(44k)
29,Tech Mahindra,432,2.8L,3.4,(42k)
30,Genpact,371,2.3L,3.6,(40.4k)
31,Teleperformance,850,95.1k,3.8,(36.2k)
32,Axis Bank,219,1L,3.6,(32k)
33,Jio,3,62.2k,4.3,(31.5k)
34,Concentrix Corporation,73,1.3L,3.6,(31.3k)
35,Amazon,1.4k,1.4L,3.9,(30.4k)
36,iEnergizer,72,23.9k,4.6,(27.3k)
37,Reliance Retail,33,74.3k,3.9,(26.8k)
38,IBM,2.6k,2.1L,3.9,(25.2k)
39,LTIMindtree,474,1.9L,3.6,(25.2k)
40,TCS,3k,9.6L,3.4,(1.1L)
41,Accenture,32.5k,6.4L,3.7,(70.5k)
42,Wipro,5.6k,4.7L,3.6,(62.6k)
43,Cognizant,836,5.9L,3.6,(59.5k)
44,Capgemini,2.1k,4.7L,3.7,(51.1k)
45,HDFC Bank,198,1.5L,3.8,(50k)
46,Infosys,2.9k,5.1L,3.5,(46.8k)
47,ICICI Bank,32,1.5L,4.0,(44.9k)
48,HCLTech,282,3.7L,3.4,(44k)
49,Tech Mahindra,432,2.8L,3.4,(42k)
50,Genpact,371,2.3L,3.6,(40.4k)
51,Teleperformance,850,95.1k,3.8,(36.2k)
52,Axis Bank,219,1L,3.6,(32k)
53,Jio,3,62.2k,4.3,(31.5k)
54,Concentrix Corporation,73,1.3L,3.6,(31.3k)
55,Amazon,1.4k,1.4L,3.9,(30.4k)
56,iEnergizer,72,23.9k,4.6,(27.3k)
57,Reliance Retail,33,74.3k,3.9,(26.8k)
58,IBM,2.6k,2.1L,3.9,(25.2k)
59,LTIMindtree,474,1.9L,3.6,(25.2k)
60,TCS,3k,9.6L,3.4,(1.1L)
61,Accenture,32.5k,6.4L,3.7,(70.5k)
62,Wipro,5.6k,4.7L,3.6,(62.6k)
63,Cognizant,836,5.9L,3.6,(59.5k)
64,Capgemini,2.1k,4.7L,3.7,(51.1k)
65,HDFC Bank,198,1.5L,3.8,(50k)
66,Infosys,2.9k,5.1L,3.5,(46.8k)
67,ICICI Bank,32,1.5L,4.0,(44.9k)
68,HCLTech,282,3.7L,3.4,(44k)
69,Tech Mahindra,432,2.8L,3.4,(42k)
70,Genpact,371,2.3L,3.6,(40.4k)
71,Teleperformance,850,95.1k,3.8,(36.2k)
72,Axis Bank,219,1L,3.6,(32k)
73,Jio,3,62.2k,4.3,(31.5k)
74,Concentrix Corporation,73,1.3L,3.6,(31.3k)
75,Amazon,1.4k,1.4L,3.9,(30.4k)
76,iEnergizer,72,23.9k,4.6,(27.3k)
77,Reliance Retail,33,74.3k,3.9,(26.8k)
78,IBM,2.6k,2.1L,3.9,(25.2k)
79,LTIMindtree,474,1.9L,3.6,(25.2k)
80,TCS,3k,9.6L,3.4,(1.1L)
81,Accenture,32.5k,6.4L,3.7,(70.5k)
82,Wipro,5.6k,4.7L,3.6,(62.6k)
83,Cognizant,836,5.9L,3.6,(59.5k)
84,Capgemini,2.1k,4.7L,3.7,(51.1k)
85,HDFC Bank,198,1.5L,3.8,(50k)
86,Infosys,2.9k,5.1L,3.5,(46.8k)
87,ICICI Bank,32,1.5L,4.0,(44.9k)
88,HCLTech,282,3.7L,3.4,(44k)
89,Tech Mahindra,432,2.8L,3.4,(42k)
90,Genpact,371,2.3L,3.6,(40.4k)
91,Teleperformance,850,95.1k,3.8,(36.2k)
92,Axis Bank,219,1L,3.6,(32k)
93,Jio,3,62.2k,4.3,(31.5k)
94,Concentrix Corporation,73,1.3L,3.6,(31.3k)
95,Amazon,1.4k,1.4L,3.9,(30.4k)
96,iEnergizer,72,23.9k,4.6,(27.3k)
97,Reliance Retail,33,74.3k,3.9,(26.8k)
98,IBM,2.6k,2.1L,3.9,(25.2k)
99,LTIMindtree,474,1.9L,3.6,(25.2k)
100,TCS,3k,9.6L,3.4,(1.1L)
101,Accenture,32.5k,6.4L,3.7,(70.5k)
102,Wipro,5.6k,4.7L,3.6,(62.6k)
103,Cognizant,836,5.9L,3.6,(59.5k)
104,Capgemini,2.1k,4.7L,3.7,(51.1k)
105,HDFC Bank,198,1.5L,3.8,(50k)
106,Infosys,2.9k,5.1L,3.5,(46.8k)
107,ICICI Bank,32,1.5L,4.0,(44.9k)
108,HCLTech,282,3.7L,3.4,(44k)
109,Tech Mahindra,432,2.8L,3.4,(42k)
110,Genpact,371,2.3L,3.6,(40.4k)
111,Teleperformance,850,95.1k,3.8,(36.2k)
112,Axis Bank,219,1L,3.6,(32k)
113,Jio,3,62.2k,4.3,(31.5k)
114,Concentrix Corporation,73,1.3L,3.6,(31.3k)
115,Amazon,1.4k,1.4L,3.9,(30.4k)
116,iEnergizer,72,23.9k,4.6,(27.3k)
117,Reliance Retail,33,74.3k,3.9,(26.8k)
118,IBM,2.6k,2.1L,3.9,(25.2k)
119,LTIMindtree,474,1.9L,3.6,(25.2k)
120,TCS,3k,9.6L,3.4,(1.1L)
121,Accenture,32.5k,6.4L,3.7,(70.5k)
122,Wipro,5.6k,4.7L,3.6,(62.6k)
123,Cognizant,836,5.9L,3.6,(59.5k)
124,Capgemini,2.1k,4.7L,3.7,(51.1k)
125,HDFC Bank,198,1.5L,3.8,(50k)
126,Infosys,2.9k,5.1L,3.5,(46.8k)
127,ICICI Bank,32,1.5L,4.0,(44.9k)
128,HCLTech,282,3.7L,3.4,(44k)
129,Tech Mahindra,432,2.8L,3.4,(42k)
130,Genpact,371,2.3L,3.6,(40.4k)
131,Teleperformance,850,95.1k,3.8,(36.2k)
132,Axis Bank,219,1L,3.6,(32k)
133,Jio,3,62.2k,4.3,(31.5k)
134,Concentrix Corporation,73,1.3L,3.6,(31.3k)
135,Amazon,1.4k,1.4L,3.9,(30.4k)
136,iEnergizer,72,23.9k,4.6,(27.3k)
137,Reliance Retail,33,74.3k,3.9,(26.8k)
138,IBM,2.6k,2.1L,3.9,(25.2k)
139,LTIMindtree,474,1.9L,3.6,(25.2k)
140,TCS,3k,9.6L,3.4,(1.1L)
141,Accenture,32.5k,6.4L,3.7,(70.5k)
142,Wipro,5.6k,4.7L,3.6,(62.6k)
143,Cognizant,836,5.9L,3.6,(59.5k)
144,Capgemini,2.1k,4.7L,3.7,(51.1k)
145,HDFC Bank,198,1.5L,3.8,(50k)
146,Infosys,2.9k,5.1L,3.5,(46.8k)
147,ICICI Bank,32,1.5L,4.0,(44.9k)
148,HCLTech,282,3.7L,3.4,(44k)
149,Tech Mahindra,432,2.8L,3.4,(42k)
150,Genpact,371,2.3L,3.6,(40.4k)
151,Teleperformance,850,95.1k,3.8,(36.2k)
152,Axis Bank,219,1L,3.6,(32k)
153,Jio,3,62.2k,4.3,(31.5k)
154,Concentrix Corporation,73,1.3L,3.6,(31.3k)
155,Amazon,1.4k,1.4L,3.9,(30.4k)
156,iEnergizer,72,23.9k,4.6,(27.3k)
157,Reliance Retail,33,74.3k,3.9,(26.8k)
158,IBM,2.6k,2.1L,3.9,(25.2k)
159,LTIMindtree,474,1.9L,3.6,(25.2k)
160,TCS,3k,9.6L,3.4,(1.1L)
161,Accenture,32.5k,6.4L,3.7,(70.5k)
162,Wipro,5.6k,4.7L,3.6,(62.6k)
163,Cognizant,836,5.9L,3.6,(59.5k)
164,Capgemini,2.1k,4.7L,3.7,(51.1k)
165,HDFC Bank,198,1.5L,3.8,(50k)
166,Infosys,2.9k,5.1L,3.5,(46.8k)
167,ICICI Bank,32,1.5L,4.0,(44.9k)
168,HCLTech,282,3.7L,3.4,(44k)
169,Tech Mahindra,432,2.8L,3.4,(42k)
170,Genpact,371,2.3L,3.6,(40.4k)
171,Teleperformance,850,95.1k,3.8,(36.2k)
172,Axis Bank,219,1L,3.6,(32k)
173,Jio,3,62.2k,4.3,(31.5k)
174,Concentrix Corporation,73,1.3L,3.6,(31.3k)
175,Amazon,1.4k,1.4L,3.9,(30.4k)
176,iEnergizer,72,23.9k,4.6,(27.3k)
177,Reliance Retail,33,74.3k,3.9,(26.8k)
178,IBM,2.6k,2.1L,3.9,(25.2k)
179,LTIMindtree,474,1.9L,3.6,(25.2k)
180,TCS,3k,9.6L,3.4,(1.1L)
181,Accenture,32.5k,6.4L,3.7,(70.5k)
182,Wipro,5.6k,4.7L,3.6,(62.6k)
183,Cognizant,836,5.9L,3.6,(59.5k)
184,Capgemini,2.1k,4.7L,3.7,(51.1k)
185,HDFC Bank,198,1.5L,3.8,(50k)
186,Infosys,2.9k,5.1L,3.5,(46.8k)
187,ICICI Bank,32,1.5L,4.0,(44.9k)
188,HCLTech,282,3.7L,3.4,(44k)
189,Tech Mahindra,432,2.8L,3.4,(42k)
190,Genpact,371,2.3L,3.6,(40.4k)
191,Teleperformance,850,95.1k,3.8,(36.2k)
192,Axis Bank,219,1L,3.6,(32k)
193,Jio,3,62.2k,4.3,(31.5k)
194,Concentrix Corporation,73,1.3L,3.6,(31.3k)
195,Amazon,1.4k,1.4L,3.9,(30.4k)
196,iEnergizer,72,23.9k,4.6,(27.3k)
197,Reliance Retail,33,74.3k,3.9,(26.8k)
198,IBM,2.6k,2.1L,3.9,(25.2k)
199,LTIMindtree,474,1.9L,3.6,(25.2k)
200,TCS,3k,9.6L,3.4,(1.1L)
201,Accenture,32.5k,6.4L,3.7,(70.5k)
202,Wipro,5.6k,4.7L,3.6,(62.6k)
203,Cognizant,836,5.9L,3.6,(59.5k)
204,Capgemini,2.1k,4.7L,3.7,(51.1k)
205,HDFC Bank,198,1.5L,3.8,(50k)
206,Infosys,2.9k,5.1L,3.5,(46.8k)
207,ICICI Bank,32,1.5L,4.0,(44.9k)
208,HCLTech,282,3.7L,3.4,(44k)
209,Tech Mahindra,432,2.8L,3.4,(42k)
210,Genpact,371,2.3L,3.6,(40.4k)
211,Teleperformance,850,95.1k,3.8,(36.2k)
212,Axis Bank,219,1L,3.6,(32k)
213,Jio,3,62.2k,4.3,(31.5k)
214,Concentrix Corporation,73,1.3L,3.6,(31.3k)
215,Amazon,1.4k,1.4L,3.9,(30.4k)
216,iEnergizer,72,23.9k,4.6,(27.3k)
217,Reliance Retail,33,74.3k,3.9,(26.8k)
218,IBM,2.6k,2.1L,3.9,(25.2k)
219,LTIMindtree,474,1.9L,3.6,(25.2k)
220,TCS,3k,9.6L,3.4,(1.1L)
221,Accenture,32.5k,6.4L,3.7,(70.5k)
222,Wipro,5.6k,4.7L,3.6,(62.6k)
223,Cognizant,836,5.9L,3.6,(59.5k)
224,Capgemini,2.1k,4.7L,3.7,(51.1k)
225,HDFC Bank,198,1.5L,3.8,(50k)
226,Infosys,2.9k,5.1L,3.5,(46.8k)
227,ICICI Bank,32,1.5L,4.0,(44.9k)
228,HCLTech,282,3.7L,3.4,(44k)
229,Tech Mahindra,432,2.8L,3.4,(42k)
230,Genpact,371,2.3L,3.6,(40.4k)
231,Teleperformance,850,95.1k,3.8,(36.2k)
232,Axis Bank,219,1L,3.6,(32k)
233,Jio,3,62.2k,4.3,(31.5k)
234,Concentrix Corporation,73,1.3L,3.6,(31.3k)
235,Amazon,1.4k,1.4L,3.9,(30.4k)
236,iEnergizer,72,23.9k,4.6,(27.3k)
237,Reliance Retail,33,74.3k,3.9,(26.8k)
238,IBM,2.6k,2.1L,3.9,(25.2k)
239,LTIMindtree,474,1.9L,3.6,(25.2k)
240,TCS,3k,9.6L,3.4,(1.1L)
241,Accenture,32.5k,6.4L,3.7,(70.5k)
242,Wipro,5.6k,4.7L,3.6,(62.6k)
243,Cognizant,836,5.9L,3.6,(59.5k)
244,Capgemini,2.1k,4.7L,3.7,(51.1k)
245,HDFC Bank,198,1.5L,3.8,(50k)
246,Infosys,2.9k,5.1L,3.5,(46.8k)
247,ICICI Bank,32,1.5L,4.0,(44.9k)
248,HCLTech,282,3.7L,3.4,(44k)
249,Tech Mahindra,432,2.8L,3.4,(42k)
250,Genpact,371,2.3L,3.6,(40.4k)
251,Teleperformance,850,95.1k,3.8,(36.2k)
252,Axis Bank,219,1L,3.6,(32k)
253,Jio,3,62.2k,4.3,(31.5k)
254,Concentrix Corporation,73,1.3L,3.6,(31.3k)
255,Amazon,1.4k,1.4L,3.9,(30.4k)
256,iEnergizer,72,23.9k,4.6,(27.3k)
257,Reliance Retail,33,74.3k,3.9,(26.8k)
258,IBM,2.6k,2.1L,3.9,(25.2k)
259,LTIMindtree,474,1.9L,3.6,(25.2k)
260,TCS,3k,9.6L,3.4,(1.1L)
261,Accenture,32.5k,6.4L,3.7,(70.5k)
262,Wipro,5.6k,4.7L,3.6,(62.6k)
263,Cognizant,836,5.9L,3.6,(59.5k)
264,Capgemini,2.1k,4.7L,3.7,(51.1k)
265,HDFC Bank,198,1.5L,3.8,(50k)
266,Infosys,2.9k,5.1L,3.5,(46.8k)
267,ICICI Bank,32,1.5L,4.0,(44.9k)
268,HCLTech,282,3.7L,3.4,(44k)
269,Tech Mahindra,432,2.8L,3.4,(42k)
270,Genpact,371,2.3L,3.6,(40.4k)
271,Teleperformance,850,95.1k,3.8,(36.2k)
272,Axis Bank,219,1L,3.6,(32k)
273,Jio,3,62.2k,4.3,(31.5k)
274,Concentrix Corporation,73,1.3L,3.6,(31.3k)
275,Amazon,1.4k,1.4L,3.9,(30.4k)
276,iEnergizer,72,23.9k,4.6,(27.3k)
277,Reliance Retail,33,74.3k,3.9,(26.8k)
278,IBM,2.6k,2.1L,3.9,(25.2k)
279,LTIMindtree,474,1.9L,3.6,(25.2k)
280,TCS,3k,9.6L,3.4,(1.1L)
281,Accenture,32.5k,6.4L,3.7,(70.5k)
282,Wipro,5.6k,4.7L,3.6,(62.6k)
283,Cognizant,836,5.9L,3.6,(59.5k)
284,Capgemini,2.1k,4.7L,3.7,(51.1k)
285,HDFC Bank,198,1.5L,3.8,(50k)
286,Infosys,2.9k,5.1L,3.5,(46.8k)
287,ICICI Bank,32,1.5L,4.0,(44.9k)
288,HCLTech,282,3.7L,3.4,(44k)
289,Tech Mahindra,432,2.8L,3.4,(42k)
290,Genpact,371,2.3L,3.6,(40.4k)
291,Teleperformance,850,95.1k,3.8,(36.2k)
292,Axis Bank,219,1L,3.6,(32k)
293,Jio,3,62.2k,4.3,(31.5k)
294,Concentrix Corporation,73,1.3L,3.6,(31.3k)
295,Amazon,1.4k,1.4L,3.9,(30.4k)
296,iEnergizer,72,23.9k,4.6,(27.3k)
297,Reliance Retail,33,74.3k,3.9,(26.8k)
298,IBM,2.6k,2.1L,3.9,(25.2k)
299,LTIMindtree,474,1.9L,3.6,(25.2k)
300,TCS,3k,9.6L,3.4,(1.1L)
301,Accenture,32.5k,6.4L,3.7,(70.5k)
302,Wipro,5.6k,4.7L,3.6,(62.6k)
303,Cognizant,836,5.9L,3.6,(59.5k)
304,Capgemini,2.1k,4.7L,3.7,(51.1k)
305,HDFC Bank,198,1.5L,3.8,(50k)
306,Infosys,2.9k,5.1L,3.5,(46.8k)
307,ICICI Bank,32,1.5L,4.0,(44.9k)
308,HCLTech,282,3.7L,3.4,(44k)
309,Tech Mahindra,432,2.8L,3.4,(42k)
310,Genpact,371,2.3L,3.6,(40.4k)
311,Teleperformance,850,95.1k,3.8,(36.2k)
312,Axis Bank,219,1L,3.6,(32k)
313,Jio,3,62.2k,4.3,(31.5k)
314,Concentrix Corporation,73,1.3L,3.6,(31.3k)
315,Amazon,1.4k,1.4L,3.9,(30.4k)
316,iEnergizer,72,23.9k,4.6,(27.3k)
317,Reliance Retail,33,74.3k,3.9,(26.8k)
318,IBM,2.6k,2.1L,3.9,(25.2k)
319,LTIMindtree,474,1.9L,3.6,(25.2k)
320,TCS,3k,9.6L,3.4,(1.1L)
321,Accenture,32.5k,6.4L,3.7,(70.5k)
322,Wipro,5.6k,4.7L,3.6,(62.6k)
323,Cognizant,836,5.9L,3.6,(59.5k)
324,Capgemini,2.1k,4.7L,3.7,(51.1k)
325,HDFC Bank,198,1.5L,3.8,(50k)
326,Infosys,2.9k,5.1L,3.5,(46.8k)
327,ICICI Bank,32,1.5L,4.0,(44.9k)
328,HCLTech,282,3.7L,3.4,(44k)
329,Tech Mahindra,432,2.8L,3.4,(42k)
330,Genpact,371,2.3L,3.6,(40.4k)
331,Teleperformance,850,95.1k,3.8,(36.2k)
332,Axis Bank,219,1L,3.6,(32k)
333,Jio,3,62.2k,4.3,(31.5k)
334,Concentrix Corporation,73,1.3L,3.6,(31.3k)
335,Amazon,1.4k,1.4L,3.9,(30.4k)
336,iEnergizer,72,23.9k,4.6,(27.3k)
337,Reliance Retail,33,74.3k,3.9,(26.8k)
338,IBM,2.6k,2.1L,3.9,(25.2k)
339,LTIMindtree,474,1.9L,3.6,(25.2k)
340,TCS,3k,9.6L,3.4,(1.1L)
341,Accenture,32.5k,6.4L,3.7,(70.5k)
342,Wipro,5.6k,4.7L,3.6,(62.6k)
343,Cognizant,836,5.9L,3.6,(59.5k)
344,Capgemini,2.1k,4.7L,3.7,(51.1k)
345,HDFC Bank,198,1.5L,3.8,(50k)
346,Infosys,2.9k,5.1L,3.5,(46.8k)
347,ICICI Bank,32,1.5L,4.0,(44.9k)
348,HCLTech,282,3.7L,3.4,(44k)
349,Tech Mahindra,432,2.8L,3.4,(42k)
350,Genpact,371,2.3L,3.6,(40.4k)
351,Teleperformance,850,95.1k,3.8,(36.2k)
352,Axis Bank,219,1L,3.6,(32k)
353,Jio,3,62.2k,4.3,(31.5k)
354,Concentrix Corporation,73,1.3L,3.6,(31.3k)
355,Amazon,1.4k,1.4L,3.9,(30.4k)
356,iEnergizer,72,23.9k,4.6,(27.3k)
357,Reliance Retail,33,74.3k,3.9,(26.8k)
358,IBM,2.6k,2.1L,3.9,(25.2k)
359,LTIMindtree,474,1.9L,3.6,(25.2k)
360,TCS,3k,9.6L,3.4,(1.1L)
361,Accenture,32.5k,6.4L,3.7,(70.5k)
362,Wipro,5.6k,4.7L,3.6,(62.6k)
363,Cognizant,836,5.9L,3.6,(59.5k)
364,Capgemini,2.1k,4.7L,3.7,(51.1k)
365,HDFC Bank,198,1.5L,3.8,(50k)
366,Infosys,2.9k,5.1L,3.5,(46.8k)
367,ICICI Bank,32,1.5L,4.0,(44.9k)
368,HCLTech,282,3.7L,3.4,(44k)
369,Tech Mahindra,432,2.8L,3.4,(42k)
370,Genpact,371,2.3L,3.6,(40.4k)
371,Teleperformance,850,95.1k,3.8,(36.2k)
372,Axis Bank,219,1L,3.6,(32k)
373,Jio,3,62.2k,4.3,(31.5k)
374,Concentrix Corporation,73,1.3L,3.6,(31.3k)
375,Amazon,1.4k,1.4L,3.9,(30.4k)
376,iEnergizer,72,23.9k,4.6,(27.3k)
377,Reliance Retail,33,74.3k,3.9,(26.8k)
378,IBM,2.6k,2.1L,3.9,(25.2k)
379,LTIMindtree,474,1.9L,3.6,(25.2k)
380,TCS,3k,9.6L,3.4,(1.1L)
381,Accenture,32.5k,6.4L,3.7,(70.5k)
382,Wipro,5.6k,4.7L,3.6,(62.6k)
383,Cognizant,836,5.9L,3.6,(59.5k)
384,Capgemini,2.1k,4.7L,3.7,(51.1k)
385,HDFC Bank,198,1.5L,3.8,(50k)
386,Infosys,2.9k,5.1L,3.5,(46.8k)
387,ICICI Bank,32,1.5L,4.0,(44.9k)
388,HCLTech,282,3.7L,3.4,(44k)
389,Tech Mahindra,432,2.8L,3.4,(42k)
390,Genpact,371,2.3L,3.6,(40.4k)
391,Teleperformance,850,95.1k,3.8,(36.2k)
392,Axis Bank,219,1L,3.6,(32k)
393,Jio,3,62.2k,4.3,(31.5k)
394,Concentrix Corporation,73,1.3L,3.6,(31.3k)
395,Amazon,1.4k,1.4L,3.9,(30.4k)
396,iEnergizer,72,23.9k,4.6,(27.3k)
397,Reliance Retail,33,74.3k,3.9,(26.8k)
398,IBM,2.6k,2.1L,3.9,(25.2k)
399,LTIMindtree,474,1.9L,3.6,(25.2k)
400,TCS,3k,9.6L,3.4,(1.1L)
401,Accenture,32.5k,6.4L,3.7,(70.5k)
402,Wipro,5.6k,4.7L,3.6,(62.6k)
403,Cognizant,836,5.9L,3.6,(59.5k)
404,Capgemini,2.1k,4.7L,3.7,(51.1k)
405,HDFC Bank,198,1.5L,3.8,(50k)
406,Infosys,2.9k,5.1L,3.5,(46.8k)
407,ICICI Bank,32,1.5L,4.0,(44.9k)
408,HCLTech,282,3.7L,3.4,(44k)
409,Tech Mahindra,432,2.8L,3.4,(42k)
410,Genpact,371,2.3L,3.6,(40.4k)
411,Teleperformance,850,95.1k,3.8,(36.2k)
412,Axis Bank,219,1L,3.6,(32k)
413,Jio,3,62.2k,4.3,(31.5k)
414,Concentrix Corporation,73,1.3L,3.6,(31.3k)
415,Amazon,1.4k,1.4L,3.9,(30.4k)
416,iEnergizer,72,23.9k,4.6,(27.3k)
417,Reliance Retail,33,74.3k,3.9,(26.8k)
418,IBM,2.6k,2.1L,3.9,(25.2k)
419,LTIMindtree,474,1.9L,3.6,(25.2k)
420,TCS,3k,9.6L,3.4,(1.1L)
421,Accenture,32.5k,6.4L,3.7,(70.5k)
422,Wipro,5.6k,4.7L,3.6,(62.6k)
423,Cognizant,836,5.9L,3.6,(59.5k)
424,Capgemini,2.1k,4.7L,3.7,(51.1k)
425,HDFC Bank,198,1.5L,3.8,(50k)
426,Infosys,2.9k,5.1L,3.5,(46.8k)
427,ICICI Bank,32,1.5L,4.0,(44.9k)
428,HCLTech,282,3.7L,3.4,(44k)
429,Tech Mahindra,432,2.8L,3.4,(42k)
430,Genpact,371,2.3L,3.6,(40.4k)
431,Teleperformance,850,95.1k,3.8,(36.2k)
432,Axis Bank,219,1L,3.6,(32k)
433,Jio,3,62.2k,4.3,(31.5k)
434,Concentrix Corporation,73,1.3L,3.6,(31.3k)
435,Amazon,1.4k,1.4L,3.9,(30.4k)
436,iEnergizer,72,23.9k,4.6,(27.3k)
437,Reliance Retail,33,74.3k,3.9,(26.8k)
438,IBM,2.6k,2.1L,3.9,(25.2k)
439,LTIMindtree,474,1.9L,3.6,(25.2k)
440,TCS,3k,9.6L,3.4,(1.1L)
441,Accenture,32.5k,6.4L,3.7,(70.5k)
442,Wipro,5.6k,4.7L,3.6,(62.6k)
443,Cognizant,836,5.9L,3.6,(59.5k)
444,Capgemini,2.1k,4.7L,3.7,(51.1k)
445,HDFC Bank,198,1.5L,3.8,(50k)
446,Infosys,2.9k,5.1L,3.5,(46.8k)
447,ICICI Bank,32,1.5L,4.0,(44.9k)
448,HCLTech,282,3.7L,3.4,(44k)
449,Tech Mahindra,432,2.8L,3.4,(42k)
450,Genpact,371,2.3L,3.6,(40.4k)
451,Teleperformance,850,95.1k,3.8,(36.2k)
452,Axis Bank,219,1L,3.6,(32k)
453,Jio,3,62.2k,4.3,(31.5k)
454,Concentrix Corporation,73,1.3L,3.6,(31.3k)
455,Amazon,1.4k,1.4L,3.9,(30.4k)
456,iEnergizer,72,23.9k,4.6,(27.3k)
457,Reliance Retail,33,74.3k,3.9,(26.8k)
458,IBM,2.6k,2.1L,3.9,(25.2k)
459,LTIMindtree,474,1.9L,3.6,(25.2k)
460,TCS,3k,9.6L,3.4,(1.1L)
461,Accenture,32.5k,6.4L,3.7,(70.5k)
462,Wipro,5.6k,4.7L,3.6,(62.6k)
463,Cognizant,836,5.9L,3.6,(59.5k)
464,Capgemini,2.1k,4.7L,3.7,(51.1k)
465,HDFC Bank,198,1.5L,3.8,(50k)
466,Infosys,2.9k,5.1L,3.5,(46.8k)
467,ICICI Bank,32,1.5L,4.0,(44.9k)
468,HCLTech,282,3.7L,3.4,(44k)
469,Tech Mahindra,432,2.8L,3.4,(42k)
470,Genpact,371,2.3L,3.6,(40.4k)
471,Teleperformance,850,95.1k,3.8,(36.2k)
472,Axis Bank,219,1L,3.6,(32k)
473,Jio,3,62.2k,4.3,(31.5k)
474,Concentrix Corporation,73,1.3L,3.6,(31.3k)
475,Amazon,1.4k,1.4L,3.9,(30.4k)
476,iEnergizer,72,23.9k,4.6,(27.3k)
477,Reliance Retail,33,74.3k,3.9,(26.8k)
478,IBM,2.6k,2.1L,3.9,(25.2k)
479,LTIMindtree,474,1.9L,3.6,(25.2k)
480,TCS,3k,9.6L,3.4,(1.1L)
481,Accenture,32.5k,6.4L,3.7,(70.5k)
482,Wipro,5.6k,4.7L,3.6,(62.6k)
483,Cognizant,836,5.9L,3.6,(59.5k)
484,Capgemini,2.1k,4.7L,3.7,(51.1k)
485,HDFC Bank,198,1.5L,3.8,(50k)
486,Infosys,2.9k,5.1L,3.5,(46.8k)
487,ICICI Bank,32,1.5L,4.0,(44.9k)
488,HCLTech,282,3.7L,3.4,(44k)
489,Tech Mahindra,432,2.8L,3.4,(42k)
490,Genpact,371,2.3L,3.6,(40.4k)
491,Teleperformance,850,95.1k,3.8,(36.2k)
492,Axis Bank,219,1L,3.6,(32k)
493,Jio,3,62.2k,4.3,(31.5k)
494,Concentrix Corporation,73,1.3L,3.6,(31.3k)
495,Amazon,1.4k,1.4L,3.9,(30.4k)
496,iEnergizer,72,23.9k,4.6,(27.3k)
497,Reliance Retail,33,74.3k,3.9,(26.8k)
498,IBM,2.6k,2.1L,3.9,(25.2k)
499,LTIMindtree,474,1.9L,3.6,(25.2k)
500,TCS,3k,9.6L,3.4,(1.1L)
501,Accenture,32.5k,6.4L,3.7,(70.5k)
502,Wipro,5.6k,4.7L,3.6,(62.6k)
503,Cognizant,836,5.9L,3.6,(59.5k)
504,Capgemini,2.1k,4.7L,3.7,(51.1k)
505,HDFC Bank,198,1.5L,3.8,(50k)
506,Infosys,2.9k,5.1L,3.5,(46.8k)
507,ICICI Bank,32,1.5L,4.0,(44.9k)
508,HCLTech,282,3.7L,3.4,(44k)
509,Tech Mahindra,432,2.8L,3.4,(42k)
510,Genpact,371,2.3L,3.6,(40.4k)
511,Teleperformance,850,95.1k,3.8,(36.2k)
512,Axis Bank,219,1L,3.6,(32k)
513,Jio,3,62.2k,4.3,(31.5k)
514,Concentrix Corporation,73,1.3L,3.6,(31.3k)
515,Amazon,1.4k,1.4L,3.9,(30.4k)
516,iEnergizer,72,23.9k,4.6,(27.3k)
517,Reliance Retail,33,74.3k,3.9,(26.8k)
518,IBM,2.6k,2.1L,3.9,(25.2k)
519,LTIMindtree,474,1.9L,3.6,(25.2k)
520,TCS,3k,9.6L,3.4,(1.1L)
521,Accenture,32.5k,6.4L,3.7,(70.5k)
522,Wipro,5.6k,4.7L,3.6,(62.6k)
523,Cognizant,836,5.9L,3.6,(59.5k)
524,Capgemini,2.1k,4.7L,3.7,(51.1k)
525,HDFC Bank,198,1.5L,3.8,(50k)
526,Infosys,2.9k,5.1L,3.5,(46.8k)
527,ICICI Bank,32,1.5L,4.0,(44.9k)
528,HCLTech,282,3.7L,3.4,(44k)
529,Tech Mahindra,432,2.8L,3.4,(42k)
530,Genpact,371,2.3L,3.6,(40.4k)
531,Teleperformance,850,95.1k,3.8,(36.2k)
532,Axis Bank,219,1L,3.6,(32k)
533,Jio,3,62.2k,4.3,(31.5k)
534,Concentrix Corporation,73,1.3L,3.6,(31.3k)
535,Amazon,1.4k,1.4L,3.9,(30.4k)
536,iEnergizer,72,23.9k,4.6,(27.3k)
537,Reliance Retail,33,74.3k,3.9,(26.8k)
538,IBM,2.6k,2.1L,3.9,(25.2k)
539,LTIMindtree,474,1.9L,3.6,(25.2k)
540,TCS,3k,9.6L,3.4,(1.1L)
541,Accenture,32.5k,6.4L,3.7,(70.5k)
542,Wipro,5.6k,4.7L,3.6,(62.6k)
543,Cognizant,836,5.9L,3.6,(59.5k)
544,Capgemini,2.1k,4.7L,3.7,(51.1k)
545,HDFC Bank,198,1.5L,3.8,(50k)
546,Infosys,2.9k,5.1L,3.5,(46.8k)
547,ICICI Bank,32,1.5L,4.0,(44.9k)
548,HCLTech,282,3.7L,3.4,(44k)
549,Tech Mahindra,432,2.8L,3.4,(42k)
550,Genpact,371,2.3L,3.6,(40.4k)
551,Teleperformance,850,95.1k,3.8,(36.2k)
552,Axis Bank,219,1L,3.6,(32k)
553,Jio,3,62.2k,4.3,(31.5k)
554,Concentrix Corporation,73,1.3L,3.6,(31.3k)
555,Amazon,1.4k,1.4L,3.9,(30.4k)
556,iEnergizer,72,23.9k,4.6,(27.3k)
557,Reliance Retail,33,74.3k,3.9,(26.8k)
558,IBM,2.6k,2.1L,3.9,(25.2k)
559,LTIMindtree,474,1.9L,3.6,(25.2k)
560,TCS,3k,9.6L,3.4,(1.1L)
561,Accenture,32.5k,6.4L,3.7,(70.5k)
562,Wipro,5.6k,4.7L,3.6,(62.6k)
563,Cognizant,836,5.9L,3.6,(59.5k)
564,Capgemini,2.1k,4.7L,3.7,(51.1k)
565,HDFC Bank,198,1.5L,3.8,(50k)
566,Infosys,2.9k,5.1L,3.5,(46.8k)
567,ICICI Bank,32,1.5L,4.0,(44.9k)
568,HCLTech,282,3.7L,3.4,(44k)
569,Tech Mahindra,432,2.8L,3.4,(42k)
570,Genpact,371,2.3L,3.6,(40.4k)
571,Teleperformance,850,95.1k,3.8,(36.2k)
572,Axis Bank,219,1L,3.6,(32k)
573,Jio,3,62.2k,4.3,(31.5k)
574,Concentrix Corporation,73,1.3L,3.6,(31.3k)
575,Amazon,1.4k,1.4L,3.9,(30.4k)
576,iEnergizer,72,23.9k,4.6,(27.3k)
577,Reliance Retail,33,74.3k,3.9,(26.8k)
578,IBM,2.6k,2.1L,3.9,(25.2k)
579,LTIMindtree,474,1.9L,3.6,(25.2k)
580,TCS,3k,9.6L,3.4,(1.1L)
581,Accenture,32.5k,6.4L,3.7,(70.5k)
582,Wipro,5.6k,4.7L,3.6,(62.6k)
583,Cognizant,836,5.9L,3.6,(59.5k)
584,Capgemini,2.1k,4.7L,3.7,(51.1k)
585,HDFC Bank,198,1.5L,3.8,(50k)
586,Infosys,2.9k,5.1L,3.5,(46.8k)
587,ICICI Bank,32,1.5L,4.0,(44.9k)
588,HCLTech,282,3.7L,3.4,(44k)
589,Tech Mahindra,432,2.8L,3.4,(42k)
590,Genpact,371,2.3L,3.6,(40.4k)
591,Teleperformance,850,95.1k,3.8,(36.2k)
592,Axis Bank,219,1L,3.6,(32k)
593,Jio,3,62.2k,4.3,(31.5k)
594,Concentrix Corporation,73,1.3L,3.6,(31.3k)
595,Amazon,1.4k,1.4L,3.9,(30.4k)
596,iEnergizer,72,23.9k,4.6,(27.3k)
597,Reliance Retail,33,74.3k,3.9,(26.8k)
598,IBM,2.6k,2.1L,3.9,(25.2k)
599,LTIMindtree,474,1.9L,3.6,(25.2k)
600,TCS,3k,9.6L,3.4,(1.1L)
601,Accenture,32.5k,6.4L,3.7,(70.5k)
602,Wipro,5.6k,4.7L,3.6,(62.6k)
603,Cognizant,836,5.9L,3.6,(59.5k)
604,Capgemini,2.1k,4.7L,3.7,(51.1k)
605,HDFC Bank,198,1.5L,3.8,(50k)
606,Infosys,2.9k,5.1L,3.5,(46.8k)
607,ICICI Bank,32,1.5L,4.0,(44.9k)
608,HCLTech,282,3.7L,3.4,(44k)
609,Tech Mahindra,432,2.8L,3.4,(42k)
610,Genpact,371,2.3L,3.6,(40.4k)
611,Teleperformance,850,95.1k,3.8,(36.2k)
612,Axis Bank,219,1L,3.6,(32k)
613,Jio,3,62.2k,4.3,(31.5k)
614,Concentrix Corporation,73,1.3L,3.6,(31.3k)
615,Amazon,1.4k,1.4L,3.9,(30.4k)
616,iEnergizer,72,23.9k,4.6,(27.3k)
617,Reliance Retail,33,74.3k,3.9,(26.8k)
618,IBM,2.6k,2.1L,3.9,(25.2k)
619,LTIMindtree,474,1.9L,3.6,(25.2k)
620,TCS,3k,9.6L,3.4,(1.1L)
621,Accenture,32.5k,6.4L,3.7,(70.5k)
622,Wipro,5.6k,4.7L,3.6,(62.6k)
623,Cognizant,836,5.9L,3.6,(59.5k)
624,Capgemini,2.1k,4.7L,3.7,(51.1k)
625,HDFC Bank,198,1.5L,3.8,(50k)
626,Infosys,2.9k,5.1L,3.5,(46.8k)
627,ICICI Bank,32,1.5L,4.0,(44.9k)
628,HCLTech,282,3.7L,3.4,(44k)
629,Tech Mahindra,432,2.8L,3.4,(42k)
630,Genpact,371,2.3L,3.6,(40.4k)
631,Teleperformance,850,95.1k,3.8,(36.2k)
632,Axis Bank,219,1L,3.6,(32k)
633,Jio,3,62.2k,4.3,(31.5k)
634,Concentrix Corporation,73,1.3L,3.6,(31.3k)
635,Amazon,1.4k,1.4L,3.9,(30.4k)
636,iEnergizer,72,23.9k,4.6,(27.3k)
637,Reliance Retail,33,74.3k,3.9,(26.8k)
638,IBM,2.6k,2.1L,3.9,(25.2k)
639,LTIMindtree,474,1.9L,3.6,(25.2k)
640,TCS,3k,9.6L,3.4,(1.1L)
641,Accenture,32.5k,6.4L,3.7,(70.5k)
642,Wipro,5.6k,4.7L,3.6,(62.6k)
643,Cognizant,836,5.9L,3.6,(59.5k)
644,Capgemini,2.1k,4.7L,3.7,(51.1k)
645,HDFC Bank,198,1.5L,3.8,(50k)
646,Infosys,2.9k,5.1L,3.5,(46.8k)
647,ICICI Bank,32,1.5L,4.0,(44.9k)
648,HCLTech,282,3.7L,3.4,(44k)
649,Tech Mahindra,432,2.8L,3.4,(42k)
650,Genpact,371,2.3L,3.6,(40.4k)
651,Teleperformance,850,95.1k,3.8,(36.2k)
652,Axis Bank,219,1L,3.6,(32k)
653,Jio,3,62.2k,4.3,(31.5k)
654,Concentrix Corporation,73,1.3L,3.6,(31.3k)
655,Amazon,1.4k,1.4L,3.9,(30.4k)
656,iEnergizer,72,23.9k,4.6,(27.3k)
657,Reliance Retail,33,74.3k,3.9,(26.8k)
658,IBM,2.6k,2.1L,3.9,(25.2k)
659,LTIMindtree,474,1.9L,3.6,(25.2k)
660,TCS,3k,9.6L,3.4,(1.1L)
661,Accenture,32.5k,6.4L,3.7,(70.5k)
662,Wipro,5.6k,4.7L,3.6,(62.6k)
663,Cognizant,836,5.9L,3.6,(59.5k)
664,Capgemini,2.1k,4.7L,3.7,(51.1k)
665,HDFC Bank,198,1.5L,3.8,(50k)
666,Infosys,2.9k,5.1L,3.5,(46.8k)
667,ICICI Bank,32,1.5L,4.0,(44.9k)
668,HCLTech,282,3.7L,3.4,(44k)
669,Tech Mahindra,432,2.8L,3.4,(42k)
670,Genpact,371,2.3L,3.6,(40.4k)
671,Teleperformance,850,95.1k,3.8,(36.2k)
672,Axis Bank,219,1L,3.6,(32k)
673,Jio,3,62.2k,4.3,(31.5k)
674,Concentrix Corporation,73,1.3L,3.6,(31.3k)
675,Amazon,1.4k,1.4L,3.9,(30.4k)
676,iEnergizer,72,23.9k,4.6,(27.3k)
677,Reliance Retail,33,74.3k,3.9,(26.8k)
678,IBM,2.6k,2.1L,3.9,(25.2k)
679,LTIMindtree,474,1.9L,3.6,(25.2k)
680,TCS,3k,9.6L,3.4,(1.1L)
681,Accenture,32.5k,6.4L,3.7,(70.5k)
682,Wipro,5.6k,4.7L,3.6,(62.6k)
683,Cognizant,836,5.9L,3.6,(59.5k)
684,Capgemini,2.1k,4.7L,3.7,(51.1k)
685,HDFC Bank,198,1.5L,3.8,(50k)
686,Infosys,2.9k,5.1L,3.5,(46.8k)
687,ICICI Bank,32,1.5L,4.0,(44.9k)
688,HCLTech,282,3.7L,3.4,(44k)
689,Tech Mahindra,432,2.8L,3.4,(42k)
690,Genpact,371,2.3L,3.6,(40.4k)
691,Teleperformance,850,95.1k,3.8,(36.2k)
692,Axis Bank,219,1L,3.6,(32k)
693,Jio,3,62.2k,4.3,(31.5k)
694,Concentrix Corporation,73,1.3L,3.6,(31.3k)
695,Amazon,1.4k,1.4L,3.9,(30.4k)
696,iEnergizer,72,23.9k,4.6,(27.3k)
697,Reliance Retail,33,74.3k,3.9,(26.8k)
698,IBM,2.6k,2.1L,3.9,(25.2k)
699,LTIMindtree,474,1.9L,3.6,(25.2k)
700,TCS,3k,9.6L,3.4,(1.1L)
701,Accenture,32.5k,6.4L,3.7,(70.5k)
702,Wipro,5.6k,4.7L,3.6,(62.6k)
703,Cognizant,836,5.9L,3.6,(59.5k)
704,Capgemini,2.1k,4.7L,3.7,(51.1k)
705,HDFC Bank,198,1.5L,3.8,(50k)
706,Infosys,2.9k,5.1L,3.5,(46.8k)
707,ICICI Bank,32,1.5L,4.0,(44.9k)
708,HCLTech,282,3.7L,3.4,(44k)
709,Tech Mahindra,432,2.8L,3.4,(42k)
710,Genpact,371,2.3L,3.6,(40.4k)
711,Teleperformance,850,95.1k,3.8,(36.2k)
712,Axis Bank,219,1L,3.6,(32k)
713,Jio,3,62.2k,4.3,(31.5k)
714,Concentrix Corporation,73,1.3L,3.6,(31.3k)
715,Amazon,1.4k,1.4L,3.9,(30.4k)
716,iEnergizer,72,23.9k,4.6,(27.3k)
717,Reliance Retail,33,74.3k,3.9,(26.8k)
718,IBM,2.6k,2.1L,3.9,(25.2k)
719,LTIMindtree,474,1.9L,3.6,(25.2k)
720,TCS,3k,9.6L,3.4,(1.1L)
721,Accenture,32.5k,6.4L,3.7,(70.5k)
722,Wipro,5.6k,4.7L,3.6,(62.6k)
723,Cognizant,836,5.9L,3.6,(59.5k)
724,Capgemini,2.1k,4.7L,3.7,(51.1k)
725,HDFC Bank,198,1.5L,3.8,(50k)
726,Infosys,2.9k,5.1L,3.5,(46.8k)
727,ICICI Bank,32,1.5L,4.0,(44.9k)
728,HCLTech,282,3.7L,3.4,(44k)
729,Tech Mahindra,432,2.8L,3.4,(42k)
730,Genpact,371,2.3L,3.6,(40.4k)
731,Teleperformance,850,95.1k,3.8,(36.2k)
732,Axis Bank,219,1L,3.6,(32k)
733,Jio,3,62.2k,4.3,(31.5k)
734,Concentrix Corporation,73,1.3L,3.6,(31.3k)
735,Amazon,1.4k,1.4L,3.9,(30.4k)
736,iEnergizer,72,23.9k,4.6,(27.3k)
737,Reliance Retail,33,74.3k,3.9,(26.8k)
738,IBM,2.6k,2.1L,3.9,(25.2k)
739,LTIMindtree,474,1.9L,3.6,(25.2k)
740,TCS,3k,9.6L,3.4,(1.1L)
741,Accenture,32.5k,6.4L,3.7,(70.5k)
742,Wipro,5.6k,4.7L,3.6,(62.6k)
743,Cognizant,836,5.9L,3.6,(59.5k)
744,Capgemini,2.1k,4.7L,3.7,(51.1k)
745,HDFC Bank,198,1.5L,3.8,(50k)
746,Infosys,2.9k,5.1L,3.5,(46.8k)
747,ICICI Bank,32,1.5L,4.0,(44.9k)
748,HCLTech,282,3.7L,3.4,(44k)
749,Tech Mahindra,432,2.8L,3.4,(42k)
750,Genpact,371,2.3L,3.6,(40.4k)
751,Teleperformance,850,95.1k,3.8,(36.2k)
752,Axis Bank,219,1L,3.6,(32k)
753,Jio,3,62.2k,4.3,(31.5k)
754,Concentrix Corporation,73,1.3L,3.6,(31.3k)
755,Amazon,1.4k,1.4L,3.9,(30.4k)
756,iEnergizer,72,23.9k,4.6,(27.3k)
757,Reliance Retail,33,74.3k,3.9,(26.8k)
758,IBM,2.6k,2.1L,3.9,(25.2k)
759,LTIMindtree,474,1.9L,3.6,(25.2k)
760,TCS,3k,9.6L,3.4,(1.1L)
761,Accenture,32.5k,6.4L,3.7,(70.5k)
762,Wipro,5.6k,4.7L,3.6,(62.6k)
763,Cognizant,836,5.9L,3.6,(59.5k)
764,Capgemini,2.1k,4.7L,3.7,(51.1k)
765,HDFC Bank,198,1.5L,3.8,(50k)
766,Infosys,2.9k,5.1L,3.5,(46.8k)
767,ICICI Bank,32,1.5L,4.0,(44.9k)
768,HCLTech,282,3.7L,3.4,(44k)
769,Tech Mahindra,432,2.8L,3.4,(42k)
770,Genpact,371,2.3L,3.6,(40.4k)
771,Teleperformance,850,95.1k,3.8,(36.2k)
772,Axis Bank,219,1L,3.6,(32k)
773,Jio,3,62.2k,4.3,(31.5k)
774,Concentrix Corporation,73,1.3L,3.6,(31.3k)
775,Amazon,1.4k,1.4L,3.9,(30.4k)
776,iEnergizer,72,23.9k,4.6,(27.3k)
777,Reliance Retail,33,74.3k,3.9,(26.8k)
778,IBM,2.6k,2.1L,3.9,(25.2k)
779,LTIMindtree,474,1.9L,3.6,(25.2k)
780,TCS,3k,9.6L,3.4,(1.1L)
781,Accenture,32.5k,6.4L,3.7,(70.5k)
782,Wipro,5.6k,4.7L,3.6,(62.6k)
783,Cognizant,836,5.9L,3.6,(59.5k)
784,Capgemini,2.1k,4.7L,3.7,(51.1k)
785,HDFC Bank,198,1.5L,3.8,(50k)
786,Infosys,2.9k,5.1L,3.5,(46.8k)
787,ICICI Bank,32,1.5L,4.0,(44.9k)
788,HCLTech,282,3.7L,3.4,(44k)
789,Tech Mahindra,432,2.8L,3.4,(42k)
790,Genpact,371,2.3L,3.6,(40.4k)
791,Teleperformance,850,95.1k,3.8,(36.2k)
792,Axis Bank,219,1L,3.6,(32k)
793,Jio,3,62.2k,4.3,(31.5k)
794,Concentrix Corporation,73,1.3L,3.6,(31.3k)
795,Amazon,1.4k,1.4L,3.9,(30.4k)
796,iEnergizer,72,23.9k,4.6,(27.3k)
797,Reliance Retail,33,74.3k,3.9,(26.8k)
798,IBM,2.6k,2.1L,3.9,(25.2k)
799,LTIMindtree,474,1.9L,3.6,(25.2k)
800,TCS,3k,9.6L,3.4,(1.1L)
801,Accenture,32.5k,6.4L,3.7,(70.5k)
802,Wipro,5.6k,4.7L,3.6,(62.6k)
803,Cognizant,836,5.9L,3.6,(59.5k)
804,Capgemini,2.1k,4.7L,3.7,(51.1k)
805,HDFC Bank,198,1.5L,3.8,(50k)
806,Infosys,2.9k,5.1L,3.5,(46.8k)
807,ICICI Bank,32,1.5L,4.0,(44.9k)
808,HCLTech,282,3.7L,3.4,(44k)
809,Tech Mahindra,432,2.8L,3.4,(42k)
810,Genpact,371,2.3L,3.6,(40.4k)
811,Teleperformance,850,95.1k,3.8,(36.2k)
812,Axis Bank,219,1L,3.6,(32k)
813,Jio,3,62.2k,4.3,(31.5k)
814,Concentrix Corporation,73,1.3L,3.6,(31.3k)
815,Amazon,1.4k,1.4L,3.9,(30.4k)
816,iEnergizer,72,23.9k,4.6,(27.3k)
817,Reliance Retail,33,74.3k,3.9,(26.8k)
818,IBM,2.6k,2.1L,3.9,(25.2k)
819,LTIMindtree,474,1.9L,3.6,(25.2k)
820,TCS,3k,9.6L,3.4,(1.1L)
821,Accenture,32.5k,6.4L,3.7,(70.5k)
822,Wipro,5.6k,4.7L,3.6,(62.6k)
823,Cognizant,836,5.9L,3.6,(59.5k)
824,Capgemini,2.1k,4.7L,3.7,(51.1k)
825,HDFC Bank,198,1.5L,3.8,(50k)
826,Infosys,2.9k,5.1L,3.5,(46.8k)
827,ICICI Bank,32,1.5L,4.0,(44.9k)
828,HCLTech,282,3.7L,3.4,(44k)
829,Tech Mahindra,432,2.8L,3.4,(42k)
830,Genpact,371,2.3L,3.6,(40.4k)
831,Teleperformance,850,95.1k,3.8,(36.2k)
832,Axis Bank,219,1L,3.6,(32k)
833,Jio,3,62.2k,4.3,(31.5k)
834,Concentrix Corporation,73,1.3L,3.6,(31.3k)
835,Amazon,1.4k,1.4L,3.9,(30.4k)
836,iEnergizer,72,23.9k,4.6,(27.3k)
837,Reliance Retail,33,74.3k,3.9,(26.8k)
838,IBM,2.6k,2.1L,3.9,(25.2k)
839,LTIMindtree,474,1.9L,3.6,(25.2k)
840,TCS,3k,9.6L,3.4,(1.1L)
841,Accenture,32.5k,6.4L,3.7,(70.5k)
842,Wipro,5.6k,4.7L,3.6,(62.6k)
843,Cognizant,836,5.9L,3.6,(59.5k)
844,Capgemini,2.1k,4.7L,3.7,(51.1k)
845,HDFC Bank,198,1.5L,3.8,(50k)
846,Infosys,2.9k,5.1L,3.5,(46.8k)
847,ICICI Bank,32,1.5L,4.0,(44.9k)
848,HCLTech,282,3.7L,3.4,(44k)
849,Tech Mahindra,432,2.8L,3.4,(42k)
850,Genpact,371,2.3L,3.6,(40.4k)
851,Teleperformance,850,95.1k,3.8,(36.2k)
852,Axis Bank,219,1L,3.6,(32k)
853,Jio,3,62.2k,4.3,(31.5k)
854,Concentrix Corporation,73,1.3L,3.6,(31.3k)
855,Amazon,1.4k,1.4L,3.9,(30.4k)
856,iEnergizer,72,23.9k,4.6,(27.3k)
857,Reliance Retail,33,74.3k,3.9,(26.8k)
858,IBM,2.6k,2.1L,3.9,(25.2k)
859,LTIMindtree,474,1.9L,3.6,(25.2k)
860,TCS,3k,9.6L,3.4,(1.1L)
861,Accenture,32.5k,6.4L,3.7,(70.5k)
862,Wipro,5.6k,4.7L,3.6,(62.6k)
863,Cognizant,836,5.9L,3.6,(59.5k)
864,Capgemini,2.1k,4.7L,3.7,(51.1k)
865,HDFC Bank,198,1.5L,3.8,(50k)
866,Infosys,2.9k,5.1L,3.5,(46.8k)
867,ICICI Bank,32,1.5L,4.0,(44.9k)
868,HCLTech,282,3.7L,3.4,(44k)
869,Tech Mahindra,432,2.8L,3.4,(42k)
870,Genpact,371,2.3L,3.6,(40.4k)
871,Teleperformance,850,95.1k,3.8,(36.2k)
872,Axis Bank,219,1L,3.6,(32k)
873,Jio,3,62.2k,4.3,(31.5k)
874,Concentrix Corporation,73,1.3L,3.6,(31.3k)
875,Amazon,1.4k,1.4L,3.9,(30.4k)
876,iEnergizer,72,23.9k,4.6,(27.3k)
877,Reliance Retail,33,74.3k,3.9,(26.8k)
878,IBM,2.6k,2.1L,3.9,(25.2k)
879,LTIMindtree,474,1.9L,3.6,(25.2k)
880,TCS,3k,9.6L,3.4,(1.1L)
881,Accenture,32.5k,6.4L,3.7,(70.5k)
882,Wipro,5.6k,4.7L,3.6,(62.6k)
883,Cognizant,836,5.9L,3.6,(59.5k)
884,Capgemini,2.1k,4.7L,3.7,(51.1k)
885,HDFC Bank,198,1.5L,3.8,(50k)
886,Infosys,2.9k,5.1L,3.5,(46.8k)
887,ICICI Bank,32,1.5L,4.0,(44.9k)
888,HCLTech,282,3.7L,3.4,(44k)
889,Tech Mahindra,432,2.8L,3.4,(42k)
890,Genpact,371,2.3L,3.6,(40.4k)
891,Teleperformance,850,95.1k,3.8,(36.2k)
892,Axis Bank,219,1L,3.6,(32k)
893,Jio,3,62.2k,4.3,(31.5k)
894,Concentrix Corporation,73,1.3L,3.6,(31.3k)
895,Amazon,1.4k,1.4L,3.9,(30.4k)
896,iEnergizer,72,23.9k,4.6,(27.3k)
897,Reliance Retail,33,74.3k,3.9,(26.8k)
898,IBM,2.6k,2.1L,3.9,(25.2k)
899,LTIMindtree,474,1.9L,3.6,(25.2k)
900,TCS,3k,9.6L,3.4,(1.1L)
901,Accenture,32.5k,6.4L,3.7,(70.5k)
902,Wipro,5.6k,4.7L,3.6,(62.6k)
903,Cognizant,836,5.9L,3.6,(59.5k)
904,Capgemini,2.1k,4.7L,3.7,(51.1k)
905,HDFC Bank,198,1.5L,3.8,(50k)
906,Infosys,2.9k,5.1L,3.5,(46.8k)
907,ICICI Bank,32,1.5L,4.0,(44.9k)
908,HCLTech,282,3.7L,3.4,(44k)
909,Tech Mahindra,432,2.8L,3.4,(42k)
910,Genpact,371,2.3L,3.6,(40.4k)
911,Teleperformance,850,95.1k,3.8,(36.2k)
912,Axis Bank,219,1L,3.6,(32k)
913,Jio,3,62.2k,4.3,(31.5k)
914,Concentrix Corporation,73,1.3L,3.6,(31.3k)
915,Amazon,1.4k,1.4L,3.9,(30.4k)
916,iEnergizer,72,23.9k,4.6,(27.3k)
917,Reliance Retail,33,74.3k,3.9,(26.8k)
918,IBM,2.6k,2.1L,3.9,(25.2k)
919,LTIMindtree,474,1.9L,3.6,(25.2k)
920,TCS,3k,9.6L,3.4,(1.1L)
921,Accenture,32.5k,6.4L,3.7,(70.5k)
922,Wipro,5.6k,4.7L,3.6,(62.6k)
923,Cognizant,836,5.9L,3.6,(59.5k)
924,Capgemini,2.1k,4.7L,3.7,(51.1k)
925,HDFC Bank,198,1.5L,3.8,(50k)
926,Infosys,2.9k,5.1L,3.5,(46.8k)
927,ICICI Bank,32,1.5L,4.0,(44.9k)
928,HCLTech,282,3.7L,3.4,(44k)
929,Tech Mahindra,432,2.8L,3.4,(42k)
930,Genpact,371,2.3L,3.6,(40.4k)
931,Teleperformance,850,95.1k,3.8,(36.2k)
932,Axis Bank,219,1L,3.6,(32k)
933,Jio,3,62.2k,4.3,(31.5k)
934,Concentrix Corporation,73,1.3L,3.6,(31.3k)
935,Amazon,1.4k,1.4L,3.9,(30.4k)
936,iEnergizer,72,23.9k,4.6,(27.3k)
937,Reliance Retail,33,74.3k,3.9,(26.8k)
938,IBM,2.6k,2.1L,3.9,(25.2k)
939,LTIMindtree,474,1.9L,3.6,(25.2k)
940,TCS,3k,9.6L,3.4,(1.1L)
941,Accenture,32.5k,6.4L,3.7,(70.5k)
942,Wipro,5.6k,4.7L,3.6,(62.6k)
943,Cognizant,836,5.9L,3.6,(59.5k)
944,Capgemini,2.1k,4.7L,3.7,(51.1k)
945,HDFC Bank,198,1.5L,3.8,(50k)
946,Infosys,2.9k,5.1L,3.5,(46.8k)
947,ICICI Bank,32,1.5L,4.0,(44.9k)
948,HCLTech,282,3.7L,3.4,(44k)
949,Tech Mahindra,432,2.8L,3.4,(42k)
950,Genpact,371,2.3L,3.6,(40.4k)
951,Teleperformance,850,95.1k,3.8,(36.2k)
952,Axis Bank,219,1L,3.6,(32k)
953,Jio,3,62.2k,4.3,(31.5k)
954,Concentrix Corporation,73,1.3L,3.6,(31.3k)
955,Amazon,1.4k,1.4L,3.9,(30.4k)
956,iEnergizer,72,23.9k,4.6,(27.3k)
957,Reliance Retail,33,74.3k,3.9,(26.8k)
958,IBM,2.6k,2.1L,3.9,(25.2k)
959,LTIMindtree,474,1.9L,3.6,(25.2k)
960,TCS,3k,9.6L,3.4,(1.1L)
961,Accenture,32.5k,6.4L,3.7,(70.5k)
962,Wipro,5.6k,4.7L,3.6,(62.6k)
963,Cognizant,836,5.9L,3.6,(59.5k)
964,Capgemini,2.1k,4.7L,3.7,(51.1k)
965,HDFC Bank,198,1.5L,3.8,(50k)
966,Infosys,2.9k,5.1L,3.5,(46.8k)
967,ICICI Bank,32,1.5L,4.0,(44.9k)
968,HCLTech,282,3.7L,3.4,(44k)
969,Tech Mahindra,432,2.8L,3.4,(42k)
970,Genpact,371,2.3L,3.6,(40.4k)
971,Teleperformance,850,95.1k,3.8,(36.2k)
972,Axis Bank,219,1L,3.6,(32k)
973,Jio,3,62.2k,4.3,(31.5k)
974,Concentrix Corporation,73,1.3L,3.6,(31.3k)
975,Amazon,1.4k,1.4L,3.9,(30.4k)
976,iEnergizer,72,23.9k,4.6,(27.3k)
977,Reliance Retail,33,74.3k,3.9,(26.8k)
978,IBM,2.6k,2.1L,3.9,(25.2k)
979,LTIMindtree,474,1.9L,3.6,(25.2k)
